Currency,Buying,Selling,Mean,Transaction Date,source_url,scraped_at
AED,673.6107,680.3468,676.9788,2026-01-26,https://www.bot.go.tz/ExchangeRate/excRates,2026-01-26 19:09:20.773085
ATS,158.5972,160.1832,159.3902,2026-01-26,https://www.bot.go.tz/ExchangeRate/excRates,2026-01-26 19:09:20.773085
AUD,1710.241,1727.3434,1718.7922,2026-01-26,https://www.bot.go.tz/ExchangeRate/excRates,2026-01-26 19:09:20.773085
BIF,0.8356,0.844,0.8398,2026-01-26,https://www.bot.go.tz/ExchangeRate/excRates,2026-01-26 19:09:20.773085
BWP,198.4394,200.4238,199.4316,2026-01-26,https://www.bot.go.tz/ExchangeRate/excRates,2026-01-26 19:09:20.773085
CAD,1805.0094,1823.0595,1814.0345,2026-01-26,https://www.bot.go.tz/ExchangeRate/excRates,2026-01-26 19:09:20.773085
CHF,3175.0378,3206.7881,3190.913,2026-01-26,https://www.bot.go.tz/ExchangeRate/excRates,2026-01-26 19:09:20.773085
CNY,355.785,359.3429,357.5639,2026-01-26,https://www.bot.go.tz/ExchangeRate/excRates,2026-01-26 19:09:20.773085
CUC,103.0961,104.1271,103.6116,2026-01-26,https://www.bot.go.tz/ExchangeRate/excRates,2026-01-26 19:09:20.773085
DKK,392.1806,396.1025,394.1416,2026-01-26,https://www.bot.go.tz/ExchangeRate/excRates,2026-01-26 19:09:20.773085
DZD,19.0397,19.2301,19.1349,2026-01-26,https://www.bot.go.tz/ExchangeRate/excRates,2026-01-26 19:09:20.773085
EUR,2929.0845,2958.3754,2943.73,2026-01-26,https://www.bot.go.tz/ExchangeRate/excRates,2026-01-26 19:09:20.773085
GBP,3377.1815,3410.9533,3394.0674,2026-01-26,https://www.bot.go.tz/ExchangeRate/excRates,2026-01-26 19:09:20.773085
HKD,317.3246,320.4979,318.9112,2026-01-26,https://www.bot.go.tz/ExchangeRate/excRates,2026-01-26 19:09:20.773085
INR,26.9632,27.2329,27.098,2026-01-26,https://www.bot.go.tz/ExchangeRate/excRates,2026-01-26 19:09:20.773085
IQD,1.8881,1.9069,1.8975,2026-01-26,https://www.bot.go.tz/ExchangeRate/excRates,2026-01-26 19:09:20.773085
IRR,0.0023,0.0023,0.0023,2026-01-26,https://www.bot.go.tz/ExchangeRate/excRates,2026-01-26 19:09:20.773085
JPY,16.045,16.2055,16.1253,2026-01-26,https://www.bot.go.tz/ExchangeRate/excRates,2026-01-26 19:09:20.773085
KES,19.1658,19.3575,19.2616,2026-01-26,https://www.bot.go.tz/ExchangeRate/excRates,2026-01-26 19:09:20.773085
KRW,1.7093,1.7264,1.7179,2026-01-26,https://www.bot.go.tz/ExchangeRate/excRates,2026-01-26 19:09:20.773085
KWD,8109.8228,8190.921,8150.3719,2026-01-26,https://www.bot.go.tz/ExchangeRate/excRates,2026-01-26 19:09:20.773085
MWK,1.4131,1.4272,1.4201,2026-01-26,https://www.bot.go.tz/ExchangeRate/excRates,2026-01-26 19:09:20.773085
MYR,623.5653,629.8009,626.6831,2026-01-26,https://www.bot.go.tz/ExchangeRate/excRates,2026-01-26 19:09:20.773085
MZM,38.3495,38.733,38.5412,2026-01-26,https://www.bot.go.tz/ExchangeRate/excRates,2026-01-26 19:09:20.773085
NAD,153.9466,155.4861,154.7163,2026-01-26,https://www.bot.go.tz/ExchangeRate/excRates,2026-01-26 19:09:20.773085
NGN,1.7433,1.7608,1.7521,2026-01-26,https://www.bot.go.tz/ExchangeRate/excRates,2026-01-26 19:09:20.773085
NLG,990.317,1000.2201,995.2685,2026-01-26,https://www.bot.go.tz/ExchangeRate/excRates,2026-01-26 19:09:20.773085
NOK,252.4623,254.9869,253.7246,2026-01-26,https://www.bot.go.tz/ExchangeRate/excRates,2026-01-26 19:09:20.773085
NZD,1475.1818,1489.9336,1482.5577,2026-01-26,https://www.bot.go.tz/ExchangeRate/excRates,2026-01-26 19:09:20.773085
PKR,8.8321,8.9204,8.8762,2026-01-26,https://www.bot.go.tz/ExchangeRate/excRates,2026-01-26 19:09:20.773085
QAR,678.8222,685.6104,682.2163,2026-01-26,https://www.bot.go.tz/ExchangeRate/excRates,2026-01-26 19:09:20.773085
RWF,1.6901,1.707,1.6986,2026-01-26,https://www.bot.go.tz/ExchangeRate/excRates,2026-01-26 19:09:20.773085
SAR,659.8152,666.4133,663.1143,2026-01-26,https://www.bot.go.tz/ExchangeRate/excRates,2026-01-26 19:09:20.773085
SDR,3387.6981,3421.5751,3404.6366,2026-01-26,https://www.bot.go.tz/ExchangeRate/excRates,2026-01-26 19:09:20.773085
SEK,275.6642,278.4209,277.0425,2026-01-26,https://www.bot.go.tz/ExchangeRate/excRates,2026-01-26 19:09:20.773085
SGD,1946.5872,1966.053,1956.3201,2026-01-26,https://www.bot.go.tz/ExchangeRate/excRates,2026-01-26 19:09:20.773085
TRY,57.0367,57.607,57.3218,2026-01-26,https://www.bot.go.tz/ExchangeRate/excRates,2026-01-26 19:09:20.773085
UGX,0.6969,0.7039,0.7004,2026-01-26,https://www.bot.go.tz/ExchangeRate/excRates,2026-01-26 19:09:20.773085
USD,2474.3069,2499.05,2486.6785,2026-01-26,https://www.bot.go.tz/ExchangeRate/excRates,2026-01-26 19:09:20.773085
GOLD,12554410.68,12679954.79,12617182.73,2026-01-26,https://www.bot.go.tz/ExchangeRate/excRates,2026-01-26 19:09:20.773085
ZAR,153.9562,155.4958,154.726,2026-01-26,https://www.bot.go.tz/ExchangeRate/excRates,2026-01-26 19:09:20.773085
ZMW,126.563,127.8286,127.1958,2026-01-26,https://www.bot.go.tz/ExchangeRate/excRates,2026-01-26 19:09:20.773085
ZWD,6.4942,6.5592,6.5267,2026-01-26,https://www.bot.go.tz/ExchangeRate/excRates,2026-01-26 19:09:20.773085
AED,673.6107,680.3468,676.9788,2026-01-27,https://www.bot.go.tz/ExchangeRate/excRates,2026-01-27 03:06:04.051249
ATS,158.5972,160.1832,159.3902,2026-01-27,https://www.bot.go.tz/ExchangeRate/excRates,2026-01-27 03:06:04.051249
AUD,1710.241,1727.3434,1718.7922,2026-01-27,https://www.bot.go.tz/ExchangeRate/excRates,2026-01-27 03:06:04.051249
BIF,0.8356,0.844,0.8398,2026-01-27,https://www.bot.go.tz/ExchangeRate/excRates,2026-01-27 03:06:04.051249
BWP,198.4394,200.4238,199.4316,2026-01-27,https://www.bot.go.tz/ExchangeRate/excRates,2026-01-27 03:06:04.051249
CAD,1805.0094,1823.0595,1814.0345,2026-01-27,https://www.bot.go.tz/ExchangeRate/excRates,2026-01-27 03:06:04.051249
CHF,3175.0378,3206.7881,3190.913,2026-01-27,https://www.bot.go.tz/ExchangeRate/excRates,2026-01-27 03:06:04.051249
CNY,355.785,359.3429,357.5639,2026-01-27,https://www.bot.go.tz/ExchangeRate/excRates,2026-01-27 03:06:04.051249
CUC,103.0961,104.1271,103.6116,2026-01-27,https://www.bot.go.tz/ExchangeRate/excRates,2026-01-27 03:06:04.051249
DKK,392.1806,396.1025,394.1416,2026-01-27,https://www.bot.go.tz/ExchangeRate/excRates,2026-01-27 03:06:04.051249
DZD,19.0397,19.2301,19.1349,2026-01-27,https://www.bot.go.tz/ExchangeRate/excRates,2026-01-27 03:06:04.051249
EUR,2929.0845,2958.3754,2943.73,2026-01-27,https://www.bot.go.tz/ExchangeRate/excRates,2026-01-27 03:06:04.051249
GBP,3377.1815,3410.9533,3394.0674,2026-01-27,https://www.bot.go.tz/ExchangeRate/excRates,2026-01-27 03:06:04.051249
HKD,317.3246,320.4979,318.9112,2026-01-27,https://www.bot.go.tz/ExchangeRate/excRates,2026-01-27 03:06:04.051249
INR,26.9632,27.2329,27.098,2026-01-27,https://www.bot.go.tz/ExchangeRate/excRates,2026-01-27 03:06:04.051249
IQD,1.8881,1.9069,1.8975,2026-01-27,https://www.bot.go.tz/ExchangeRate/excRates,2026-01-27 03:06:04.051249
IRR,0.0023,0.0023,0.0023,2026-01-27,https://www.bot.go.tz/ExchangeRate/excRates,2026-01-27 03:06:04.051249
JPY,16.045,16.2055,16.1253,2026-01-27,https://www.bot.go.tz/ExchangeRate/excRates,2026-01-27 03:06:04.051249
KES,19.1658,19.3575,19.2616,2026-01-27,https://www.bot.go.tz/ExchangeRate/excRates,2026-01-27 03:06:04.051249
KRW,1.7093,1.7264,1.7179,2026-01-27,https://www.bot.go.tz/ExchangeRate/excRates,2026-01-27 03:06:04.051249
KWD,8109.8228,8190.921,8150.3719,2026-01-27,https://www.bot.go.tz/ExchangeRate/excRates,2026-01-27 03:06:04.051249
MWK,1.4131,1.4272,1.4201,2026-01-27,https://www.bot.go.tz/ExchangeRate/excRates,2026-01-27 03:06:04.051249
MYR,623.5653,629.8009,626.6831,2026-01-27,https://www.bot.go.tz/ExchangeRate/excRates,2026-01-27 03:06:04.051249
MZM,38.3495,38.733,38.5412,2026-01-27,https://www.bot.go.tz/ExchangeRate/excRates,2026-01-27 03:06:04.051249
NAD,153.9466,155.4861,154.7163,2026-01-27,https://www.bot.go.tz/ExchangeRate/excRates,2026-01-27 03:06:04.051249
NGN,1.7433,1.7608,1.7521,2026-01-27,https://www.bot.go.tz/ExchangeRate/excRates,2026-01-27 03:06:04.051249
NLG,990.317,1000.2201,995.2685,2026-01-27,https://www.bot.go.tz/ExchangeRate/excRates,2026-01-27 03:06:04.051249
NOK,252.4623,254.9869,253.7246,2026-01-27,https://www.bot.go.tz/ExchangeRate/excRates,2026-01-27 03:06:04.051249
NZD,1475.1818,1489.9336,1482.5577,2026-01-27,https://www.bot.go.tz/ExchangeRate/excRates,2026-01-27 03:06:04.051249
PKR,8.8321,8.9204,8.8762,2026-01-27,https://www.bot.go.tz/ExchangeRate/excRates,2026-01-27 03:06:04.051249
QAR,678.8222,685.6104,682.2163,2026-01-27,https://www.bot.go.tz/ExchangeRate/excRates,2026-01-27 03:06:04.051249
RWF,1.6901,1.707,1.6986,2026-01-27,https://www.bot.go.tz/ExchangeRate/excRates,2026-01-27 03:06:04.051249
SAR,659.8152,666.4133,663.1143,2026-01-27,https://www.bot.go.tz/ExchangeRate/excRates,2026-01-27 03:06:04.051249
SDR,3387.6981,3421.5751,3404.6366,2026-01-27,https://www.bot.go.tz/ExchangeRate/excRates,2026-01-27 03:06:04.051249
SEK,275.6642,278.4209,277.0425,2026-01-27,https://www.bot.go.tz/ExchangeRate/excRates,2026-01-27 03:06:04.051249
SGD,1946.5872,1966.053,1956.3201,2026-01-27,https://www.bot.go.tz/ExchangeRate/excRates,2026-01-27 03:06:04.051249
TRY,57.0367,57.607,57.3218,2026-01-27,https://www.bot.go.tz/ExchangeRate/excRates,2026-01-27 03:06:04.051249
UGX,0.6969,0.7039,0.7004,2026-01-27,https://www.bot.go.tz/ExchangeRate/excRates,2026-01-27 03:06:04.051249
USD,2474.3069,2499.05,2486.6785,2026-01-27,https://www.bot.go.tz/ExchangeRate/excRates,2026-01-27 03:06:04.051249
GOLD,12554410.68,12679954.79,12617182.73,2026-01-27,https://www.bot.go.tz/ExchangeRate/excRates,2026-01-27 03:06:04.051249
ZAR,153.9562,155.4958,154.726,2026-01-27,https://www.bot.go.tz/ExchangeRate/excRates,2026-01-27 03:06:04.051249
ZMW,126.563,127.8286,127.1958,2026-01-27,https://www.bot.go.tz/ExchangeRate/excRates,2026-01-27 03:06:04.051249
ZWD,6.4942,6.5592,6.5267,2026-01-27,https://www.bot.go.tz/ExchangeRate/excRates,2026-01-27 03:06:04.051249
AED,673.1331,679.8644,676.4988,2026-01-28,https://www.bot.go.tz/ExchangeRate/excRates,2026-01-28 03:03:28.496842
ATS,158.4804,160.0653,159.2728,2026-01-28,https://www.bot.go.tz/ExchangeRate/excRates,2026-01-28 03:03:28.496842
AUD,1717.1409,1734.3123,1725.7266,2026-01-28,https://www.bot.go.tz/ExchangeRate/excRates,2026-01-28 03:03:28.496842
BIF,0.8301,0.8384,0.8343,2026-01-28,https://www.bot.go.tz/ExchangeRate/excRates,2026-01-28 03:03:28.496842
BWP,199.0351,201.0254,200.0302,2026-01-28,https://www.bot.go.tz/ExchangeRate/excRates,2026-01-28 03:03:28.496842
CAD,1807.7686,1825.8463,1816.8075,2026-01-28,https://www.bot.go.tz/ExchangeRate/excRates,2026-01-28 03:03:28.496842
CHF,3206.439,3238.5034,3222.4712,2026-01-28,https://www.bot.go.tz/ExchangeRate/excRates,2026-01-28 03:03:28.496842
CNY,355.4617,359.0163,357.239,2026-01-28,https://www.bot.go.tz/ExchangeRate/excRates,2026-01-28 03:03:28.496842
CUC,103.0202,104.0504,103.5353,2026-01-28,https://www.bot.go.tz/ExchangeRate/excRates,2026-01-28 03:03:28.496842
DKK,394.8143,398.7625,396.7884,2026-01-28,https://www.bot.go.tz/ExchangeRate/excRates,2026-01-28 03:03:28.496842
DZD,19.0592,19.2498,19.1545,2026-01-28,https://www.bot.go.tz/ExchangeRate/excRates,2026-01-28 03:03:28.496842
EUR,2948.1913,2977.6732,2962.9322,2026-01-28,https://www.bot.go.tz/ExchangeRate/excRates,2026-01-28 03:03:28.496842
GBP,3396.2056,3430.1677,3413.1866,2026-01-28,https://www.bot.go.tz/ExchangeRate/excRates,2026-01-28 03:03:28.496842
HKD,316.9771,320.1469,318.562,2026-01-28,https://www.bot.go.tz/ExchangeRate/excRates,2026-01-28 03:03:28.496842
INR,26.9807,27.2505,27.1156,2026-01-28,https://www.bot.go.tz/ExchangeRate/excRates,2026-01-28 03:03:28.496842
IQD,1.8867,1.9055,1.8961,2026-01-28,https://www.bot.go.tz/ExchangeRate/excRates,2026-01-28 03:03:28.496842
IRR,0.0023,0.0023,0.0023,2026-01-28,https://www.bot.go.tz/ExchangeRate/excRates,2026-01-28 03:03:28.496842
JPY,16.1232,16.2844,16.2038,2026-01-28,https://www.bot.go.tz/ExchangeRate/excRates,2026-01-28 03:03:28.496842
KES,19.1517,19.3432,19.2475,2026-01-28,https://www.bot.go.tz/ExchangeRate/excRates,2026-01-28 03:03:28.496842
KRW,1.7145,1.7316,1.7231,2026-01-28,https://www.bot.go.tz/ExchangeRate/excRates,2026-01-28 03:03:28.496842
KWD,8103.8517,8184.8902,8144.3709,2026-01-28,https://www.bot.go.tz/ExchangeRate/excRates,2026-01-28 03:03:28.496842
MWK,1.412,1.4262,1.4191,2026-01-28,https://www.bot.go.tz/ExchangeRate/excRates,2026-01-28 03:03:28.496842
MYR,625.1543,631.4058,628.28,2026-01-28,https://www.bot.go.tz/ExchangeRate/excRates,2026-01-28 03:03:28.496842
MZM,38.1439,38.5253,38.3346,2026-01-28,https://www.bot.go.tz/ExchangeRate/excRates,2026-01-28 03:03:28.496842
NAD,154.347,155.8905,155.1188,2026-01-28,https://www.bot.go.tz/ExchangeRate/excRates,2026-01-28 03:03:28.496842
NGN,1.7513,1.7689,1.7601,2026-01-28,https://www.bot.go.tz/ExchangeRate/excRates,2026-01-28 03:03:28.496842
NLG,989.5878,999.4837,994.5358,2026-01-28,https://www.bot.go.tz/ExchangeRate/excRates,2026-01-28 03:03:28.496842
NOK,254.9848,257.5346,256.2597,2026-01-28,https://www.bot.go.tz/ExchangeRate/excRates,2026-01-28 03:03:28.496842
NZD,1481.7603,1496.578,1489.1692,2026-01-28,https://www.bot.go.tz/ExchangeRate/excRates,2026-01-28 03:03:28.496842
PKR,8.8272,8.9154,8.8713,2026-01-28,https://www.bot.go.tz/ExchangeRate/excRates,2026-01-28 03:03:28.496842
QAR,678.3224,685.1056,681.714,2026-01-28,https://www.bot.go.tz/ExchangeRate/excRates,2026-01-28 03:03:28.496842
RWF,1.6938,1.7108,1.7023,2026-01-28,https://www.bot.go.tz/ExchangeRate/excRates,2026-01-28 03:03:28.496842
SAR,659.3294,665.9227,662.626,2026-01-28,https://www.bot.go.tz/ExchangeRate/excRates,2026-01-28 03:03:28.496842
SDR,3405.9741,3440.0338,3423.004,2026-01-28,https://www.bot.go.tz/ExchangeRate/excRates,2026-01-28 03:03:28.496842
SEK,278.5177,281.3029,279.9103,2026-01-28,https://www.bot.go.tz/ExchangeRate/excRates,2026-01-28 03:03:28.496842
SGD,1952.9898,1972.5197,1962.7548,2026-01-28,https://www.bot.go.tz/ExchangeRate/excRates,2026-01-28 03:03:28.496842
TRY,56.9574,57.5269,57.2422,2026-01-28,https://www.bot.go.tz/ExchangeRate/excRates,2026-01-28 03:03:28.496842
UGX,0.6906,0.6975,0.6941,2026-01-28,https://www.bot.go.tz/ExchangeRate/excRates,2026-01-28 03:03:28.496842
USD,2472.4851,2497.21,2484.8476,2026-01-28,https://www.bot.go.tz/ExchangeRate/excRates,2026-01-28 03:03:28.496842
GOLD,12572005.45,12697725.51,12634865.48,2026-01-28,https://www.bot.go.tz/ExchangeRate/excRates,2026-01-28 03:03:28.496842
ZAR,154.3307,155.874,155.1023,2026-01-28,https://www.bot.go.tz/ExchangeRate/excRates,2026-01-28 03:03:28.496842
ZMW,124.3705,125.6142,124.9923,2026-01-28,https://www.bot.go.tz/ExchangeRate/excRates,2026-01-28 03:03:28.496842
ZWD,6.4895,6.5544,6.5219,2026-01-28,https://www.bot.go.tz/ExchangeRate/excRates,2026-01-28 03:03:28.496842
AED,673.1,679.83,676.46,2026-01-29,https://www.bot.go.tz/ExchangeRate/excRates,2026-01-29 03:27:07.719957
ATS,158.48,160.07,159.27,2026-01-29,https://www.bot.go.tz/ExchangeRate/excRates,2026-01-29 03:27:07.719957
AUD,1727.28,1744.55,1735.91,2026-01-29,https://www.bot.go.tz/ExchangeRate/excRates,2026-01-29 03:27:07.719957
BIF,0.83,0.84,0.84,2026-01-29,https://www.bot.go.tz/ExchangeRate/excRates,2026-01-29 03:27:07.719957
BWP,199.78,201.77,200.78,2026-01-29,https://www.bot.go.tz/ExchangeRate/excRates,2026-01-29 03:27:07.719957
CAD,1819.88,1838.08,1828.98,2026-01-29,https://www.bot.go.tz/ExchangeRate/excRates,2026-01-29 03:27:07.719957
CHF,3207.27,3239.34,3223.31,2026-01-29,https://www.bot.go.tz/ExchangeRate/excRates,2026-01-29 03:27:07.719957
CNY,355.93,359.49,357.71,2026-01-29,https://www.bot.go.tz/ExchangeRate/excRates,2026-01-29 03:27:07.719957
CUC,103.02,104.05,103.54,2026-01-29,https://www.bot.go.tz/ExchangeRate/excRates,2026-01-29 03:27:07.719957
DKK,394.8,398.75,396.78,2026-01-29,https://www.bot.go.tz/ExchangeRate/excRates,2026-01-29 03:27:07.719957
DZD,19.1,19.29,19.2,2026-01-29,https://www.bot.go.tz/ExchangeRate/excRates,2026-01-29 03:27:07.719957
EUR,2948.19,2977.67,2962.93,2026-01-29,https://www.bot.go.tz/ExchangeRate/excRates,2026-01-29 03:27:07.719957
GBP,3404.36,3438.41,3421.39,2026-01-29,https://www.bot.go.tz/ExchangeRate/excRates,2026-01-29 03:27:07.719957
HKD,316.94,320.11,318.53,2026-01-29,https://www.bot.go.tz/ExchangeRate/excRates,2026-01-29 03:27:07.719957
INR,26.83,27.1,26.96,2026-01-29,https://www.bot.go.tz/ExchangeRate/excRates,2026-01-29 03:27:07.719957
IQD,1.89,1.91,1.9,2026-01-29,https://www.bot.go.tz/ExchangeRate/excRates,2026-01-29 03:27:07.719957
IRR,0.0,0.0,0.0,2026-01-29,https://www.bot.go.tz/ExchangeRate/excRates,2026-01-29 03:27:07.719957
JPY,16.08,16.24,16.16,2026-01-29,https://www.bot.go.tz/ExchangeRate/excRates,2026-01-29 03:27:07.719957
KES,19.15,19.34,19.25,2026-01-29,https://www.bot.go.tz/ExchangeRate/excRates,2026-01-29 03:27:07.719957
KRW,1.72,1.74,1.73,2026-01-29,https://www.bot.go.tz/ExchangeRate/excRates,2026-01-29 03:27:07.719957
KWD,8111.83,8192.95,8152.39,2026-01-29,https://www.bot.go.tz/ExchangeRate/excRates,2026-01-29 03:27:07.719957
MWK,1.41,1.43,1.42,2026-01-29,https://www.bot.go.tz/ExchangeRate/excRates,2026-01-29 03:27:07.719957
MYR,630.25,636.56,633.4,2026-01-29,https://www.bot.go.tz/ExchangeRate/excRates,2026-01-29 03:27:07.719957
MZM,38.66,39.04,38.85,2026-01-29,https://www.bot.go.tz/ExchangeRate/excRates,2026-01-29 03:27:07.719957
NAD,155.1,156.65,155.87,2026-01-29,https://www.bot.go.tz/ExchangeRate/excRates,2026-01-29 03:27:07.719957
NGN,1.77,1.79,1.78,2026-01-29,https://www.bot.go.tz/ExchangeRate/excRates,2026-01-29 03:27:07.719957
NLG,989.59,999.48,994.54,2026-01-29,https://www.bot.go.tz/ExchangeRate/excRates,2026-01-29 03:27:07.719957
NOK,256.16,258.72,257.44,2026-01-29,https://www.bot.go.tz/ExchangeRate/excRates,2026-01-29 03:27:07.719957
NZD,1489.92,1504.82,1497.37,2026-01-29,https://www.bot.go.tz/ExchangeRate/excRates,2026-01-29 03:27:07.719957
PKR,8.83,8.92,8.88,2026-01-29,https://www.bot.go.tz/ExchangeRate/excRates,2026-01-29 03:27:07.719957
QAR,678.32,685.11,681.71,2026-01-29,https://www.bot.go.tz/ExchangeRate/excRates,2026-01-29 03:27:07.719957
RWF,1.69,1.71,1.7,2026-01-29,https://www.bot.go.tz/ExchangeRate/excRates,2026-01-29 03:27:07.719957
SAR,659.26,665.85,662.56,2026-01-29,https://www.bot.go.tz/ExchangeRate/excRates,2026-01-29 03:27:07.719957
SDR,3420.34,3454.54,3437.44,2026-01-29,https://www.bot.go.tz/ExchangeRate/excRates,2026-01-29 03:27:07.719957
SEK,278.18,280.96,279.57,2026-01-29,https://www.bot.go.tz/ExchangeRate/excRates,2026-01-29 03:27:07.719957
SGD,1954.84,1974.39,1964.62,2026-01-29,https://www.bot.go.tz/ExchangeRate/excRates,2026-01-29 03:27:07.719957
TRY,56.94,57.51,57.23,2026-01-29,https://www.bot.go.tz/ExchangeRate/excRates,2026-01-29 03:27:07.719957
UGX,0.69,0.7,0.69,2026-01-29,https://www.bot.go.tz/ExchangeRate/excRates,2026-01-29 03:27:07.719957
USD,2472.49,2497.21,2484.85,2026-01-29,https://www.bot.go.tz/ExchangeRate/excRates,2026-01-29 03:27:07.719957
GOLD,13076677.25,13207444.02,13142060.64,2026-01-29,https://www.bot.go.tz/ExchangeRate/excRates,2026-01-29 03:27:07.719957
ZAR,155.14,156.7,155.92,2026-01-29,https://www.bot.go.tz/ExchangeRate/excRates,2026-01-29 03:27:07.719957
ZMW,123.93,125.17,124.55,2026-01-29,https://www.bot.go.tz/ExchangeRate/excRates,2026-01-29 03:27:07.719957
ZWD,6.49,6.55,6.52,2026-01-29,https://www.bot.go.tz/ExchangeRate/excRates,2026-01-29 03:27:07.719957
AED,677.8915,684.6705,681.281,2026-01-30,https://www.bot.go.tz/ExchangeRate/excRates,2026-01-30 03:27:54.064880
ATS,159.6095,161.2055,160.4075,2026-01-30,https://www.bot.go.tz/ExchangeRate/excRates,2026-01-30 03:27:54.064880
AUD,1742.3223,1759.7455,1751.0339,2026-01-30,https://www.bot.go.tz/ExchangeRate/excRates,2026-01-30 03:27:54.064880
BIF,0.8371,0.8455,0.8413,2026-01-30,https://www.bot.go.tz/ExchangeRate/excRates,2026-01-30 03:27:54.064880
BWP,202.445,204.4695,203.4573,2026-01-30,https://www.bot.go.tz/ExchangeRate/excRates,2026-01-30 03:27:54.064880
CAD,1837.9827,1856.3626,1847.1726,2026-01-30,https://www.bot.go.tz/ExchangeRate/excRates,2026-01-30 03:27:54.064880
CHF,3245.2744,3277.7271,3261.5007,2026-01-30,https://www.bot.go.tz/ExchangeRate/excRates,2026-01-30 03:27:54.064880
CNY,358.3495,361.933,360.1412,2026-01-30,https://www.bot.go.tz/ExchangeRate/excRates,2026-01-30 03:27:54.064880
CUC,103.7541,104.7917,104.2729,2026-01-30,https://www.bot.go.tz/ExchangeRate/excRates,2026-01-30 03:27:54.064880
DKK,398.0783,402.0591,400.0687,2026-01-30,https://www.bot.go.tz/ExchangeRate/excRates,2026-01-30 03:27:54.064880
DZD,19.2491,19.4416,19.3453,2026-01-30,https://www.bot.go.tz/ExchangeRate/excRates,2026-01-30 03:27:54.064880
EUR,2973.4272,3003.1615,2988.2944,2026-01-30,https://www.bot.go.tz/ExchangeRate/excRates,2026-01-30 03:27:54.064880
GBP,3430.6094,3464.9155,3447.7625,2026-01-30,https://www.bot.go.tz/ExchangeRate/excRates,2026-01-30 03:27:54.064880
HKD,319.0471,322.2376,320.6424,2026-01-30,https://www.bot.go.tz/ExchangeRate/excRates,2026-01-30 03:27:54.064880
INR,27.0804,27.3512,27.2158,2026-01-30,https://www.bot.go.tz/ExchangeRate/excRates,2026-01-30 03:27:54.064880
IQD,1.9001,1.9191,1.9096,2026-01-30,https://www.bot.go.tz/ExchangeRate/excRates,2026-01-30 03:27:54.064880
IRR,0.0023,0.0023,0.0023,2026-01-30,https://www.bot.go.tz/ExchangeRate/excRates,2026-01-30 03:27:54.064880
JPY,16.2943,16.4573,16.3758,2026-01-30,https://www.bot.go.tz/ExchangeRate/excRates,2026-01-30 03:27:54.064880
KES,19.2881,19.481,19.3846,2026-01-30,https://www.bot.go.tz/ExchangeRate/excRates,2026-01-30 03:27:54.064880
KRW,1.7336,1.751,1.7423,2026-01-30,https://www.bot.go.tz/ExchangeRate/excRates,2026-01-30 03:27:54.064880
KWD,8169.6162,8251.3123,8210.4643,2026-01-30,https://www.bot.go.tz/ExchangeRate/excRates,2026-01-30 03:27:54.064880
MWK,1.4227,1.4369,1.4298,2026-01-30,https://www.bot.go.tz/ExchangeRate/excRates,2026-01-30 03:27:54.064880
MYR,633.613,639.9491,636.781,2026-01-30,https://www.bot.go.tz/ExchangeRate/excRates,2026-01-30 03:27:54.064880
MZM,38.5942,38.9802,38.7872,2026-01-30,https://www.bot.go.tz/ExchangeRate/excRates,2026-01-30 03:27:54.064880
NAD,156.5312,158.0966,157.3139,2026-01-30,https://www.bot.go.tz/ExchangeRate/excRates,2026-01-30 03:27:54.064880
NGN,1.7935,1.8114,1.8024,2026-01-30,https://www.bot.go.tz/ExchangeRate/excRates,2026-01-30 03:27:54.064880
NLG,996.6376,1006.604,1001.6208,2026-01-30,https://www.bot.go.tz/ExchangeRate/excRates,2026-01-30 03:27:54.064880
NOK,259.7804,262.3782,261.0793,2026-01-30,https://www.bot.go.tz/ExchangeRate/excRates,2026-01-30 03:27:54.064880
NZD,1504.7668,1519.8145,1512.2907,2026-01-30,https://www.bot.go.tz/ExchangeRate/excRates,2026-01-30 03:27:54.064880
PKR,8.8964,8.9854,8.9409,2026-01-30,https://www.bot.go.tz/ExchangeRate/excRates,2026-01-30 03:27:54.064880
QAR,683.1547,689.9863,686.5705,2026-01-30,https://www.bot.go.tz/ExchangeRate/excRates,2026-01-30 03:27:54.064880
RWF,1.7057,1.7227,1.7142,2026-01-30,https://www.bot.go.tz/ExchangeRate/excRates,2026-01-30 03:27:54.064880
SAR,663.9202,670.5594,667.2398,2026-01-30,https://www.bot.go.tz/ExchangeRate/excRates,2026-01-30 03:27:54.064880
SDR,3441.8591,3476.2777,3459.0684,2026-01-30,https://www.bot.go.tz/ExchangeRate/excRates,2026-01-30 03:27:54.064880
SEK,281.1067,283.9177,282.5122,2026-01-30,https://www.bot.go.tz/ExchangeRate/excRates,2026-01-30 03:27:54.064880
SGD,1967.2136,1986.8858,1977.0497,2026-01-30,https://www.bot.go.tz/ExchangeRate/excRates,2026-01-30 03:27:54.064880
TRY,57.3355,57.9089,57.6222,2026-01-30,https://www.bot.go.tz/ExchangeRate/excRates,2026-01-30 03:27:54.064880
UGX,0.6988,0.7058,0.7023,2026-01-30,https://www.bot.go.tz/ExchangeRate/excRates,2026-01-30 03:27:54.064880
USD,2490.099,2515.0,2502.5495,2026-01-30,https://www.bot.go.tz/ExchangeRate/excRates,2026-01-30 03:27:54.064880
GOLD,13062685.89,13193312.75,13127999.32,2026-01-30,https://www.bot.go.tz/ExchangeRate/excRates,2026-01-30 03:27:54.064880
ZAR,157.2012,158.7732,157.9872,2026-01-30,https://www.bot.go.tz/ExchangeRate/excRates,2026-01-30 03:27:54.064880
ZMW,125.7626,127.0202,126.3914,2026-01-30,https://www.bot.go.tz/ExchangeRate/excRates,2026-01-30 03:27:54.064880
ZWD,6.5357,6.601,6.5684,2026-01-30,https://www.bot.go.tz/ExchangeRate/excRates,2026-01-30 03:27:54.064880
AED,682.1467,688.9681,685.5574,2026-01-31,https://www.bot.go.tz/ExchangeRate/excRates,2026-01-31 03:22:42.443684
ATS,160.5982,162.2042,161.4012,2026-01-31,https://www.bot.go.tz/ExchangeRate/excRates,2026-01-31 03:22:42.443684
AUD,1753.3662,1770.8999,1762.1331,2026-01-31,https://www.bot.go.tz/ExchangeRate/excRates,2026-01-31 03:22:42.443684
BIF,0.8422,0.8507,0.8464,2026-01-31,https://www.bot.go.tz/ExchangeRate/excRates,2026-01-31 03:22:42.443684
BWP,201.6947,203.7117,202.7032,2026-01-31,https://www.bot.go.tz/ExchangeRate/excRates,2026-01-31 03:22:42.443684
CAD,1850.0515,1868.552,1859.3018,2026-01-31,https://www.bot.go.tz/ExchangeRate/excRates,2026-01-31 03:22:42.443684
CHF,3257.736,3290.3134,3274.0247,2026-01-31,https://www.bot.go.tz/ExchangeRate/excRates,2026-01-31 03:22:42.443684
CNY,360.4242,364.0284,362.2263,2026-01-31,https://www.bot.go.tz/ExchangeRate/excRates,2026-01-31 03:22:42.443684
CUC,104.3969,105.4408,104.9188,2026-01-31,https://www.bot.go.tz/ExchangeRate/excRates,2026-01-31 03:22:42.443684
DKK,399.7264,403.7236,401.725,2026-01-31,https://www.bot.go.tz/ExchangeRate/excRates,2026-01-31 03:22:42.443684
DZD,19.265,19.4576,19.3613,2026-01-31,https://www.bot.go.tz/ExchangeRate/excRates,2026-01-31 03:22:42.443684
EUR,2985.0822,3014.933,3000.0076,2026-01-31,https://www.bot.go.tz/ExchangeRate/excRates,2026-01-31 03:22:42.443684
GBP,3444.3449,3478.7883,3461.5666,2026-01-31,https://www.bot.go.tz/ExchangeRate/excRates,2026-01-31 03:22:42.443684
HKD,320.9043,324.1134,322.5089,2026-01-31,https://www.bot.go.tz/ExchangeRate/excRates,2026-01-31 03:22:42.443684
INR,27.2532,27.5258,27.3895,2026-01-31,https://www.bot.go.tz/ExchangeRate/excRates,2026-01-31 03:22:42.443684
IQD,1.9119,1.931,1.9214,2026-01-31,https://www.bot.go.tz/ExchangeRate/excRates,2026-01-31 03:22:42.443684
IRR,0.0023,0.0023,0.0023,2026-01-31,https://www.bot.go.tz/ExchangeRate/excRates,2026-01-31 03:22:42.443684
JPY,16.2359,16.3983,16.3171,2026-01-31,https://www.bot.go.tz/ExchangeRate/excRates,2026-01-31 03:22:42.443684
KES,19.4076,19.6017,19.5047,2026-01-31,https://www.bot.go.tz/ExchangeRate/excRates,2026-01-31 03:22:42.443684
KRW,1.7356,1.753,1.7443,2026-01-31,https://www.bot.go.tz/ExchangeRate/excRates,2026-01-31 03:22:42.443684
KWD,8220.2256,8302.4278,8261.3267,2026-01-31,https://www.bot.go.tz/ExchangeRate/excRates,2026-01-31 03:22:42.443684
MWK,1.4315,1.4458,1.4386,2026-01-31,https://www.bot.go.tz/ExchangeRate/excRates,2026-01-31 03:22:42.443684
MYR,635.114,641.4651,638.2896,2026-01-31,https://www.bot.go.tz/ExchangeRate/excRates,2026-01-31 03:22:42.443684
MZM,38.8333,39.2216,39.0275,2026-01-31,https://www.bot.go.tz/ExchangeRate/excRates,2026-01-31 03:22:42.443684
NAD,156.7226,158.2899,157.5062,2026-01-31,https://www.bot.go.tz/ExchangeRate/excRates,2026-01-31 03:22:42.443684
NGN,1.8012,1.8192,1.8102,2026-01-31,https://www.bot.go.tz/ExchangeRate/excRates,2026-01-31 03:22:42.443684
NLG,1002.8116,1012.8397,1007.8256,2026-01-31,https://www.bot.go.tz/ExchangeRate/excRates,2026-01-31 03:22:42.443684
NOK,261.3597,263.9733,262.6665,2026-01-31,https://www.bot.go.tz/ExchangeRate/excRates,2026-01-31 03:22:42.443684
NZD,1518.0974,1533.2784,1525.6879,2026-01-31,https://www.bot.go.tz/ExchangeRate/excRates,2026-01-31 03:22:42.443684
PKR,8.9467,9.0362,8.9914,2026-01-31,https://www.bot.go.tz/ExchangeRate/excRates,2026-01-31 03:22:42.443684
QAR,687.3868,694.2606,690.8237,2026-01-31,https://www.bot.go.tz/ExchangeRate/excRates,2026-01-31 03:22:42.443684
RWF,1.7161,1.7332,1.7246,2026-01-31,https://www.bot.go.tz/ExchangeRate/excRates,2026-01-31 03:22:42.443684
SAR,667.9796,674.6594,671.3195,2026-01-31,https://www.bot.go.tz/ExchangeRate/excRates,2026-01-31 03:22:42.443684
SDR,3463.1808,3497.8126,3480.4967,2026-01-31,https://www.bot.go.tz/ExchangeRate/excRates,2026-01-31 03:22:42.443684
SEK,283.059,285.8896,284.4743,2026-01-31,https://www.bot.go.tz/ExchangeRate/excRates,2026-01-31 03:22:42.443684
SGD,1974.4088,1994.1529,1984.2808,2026-01-31,https://www.bot.go.tz/ExchangeRate/excRates,2026-01-31 03:22:42.443684
TRY,57.5959,58.1718,57.8839,2026-01-31,https://www.bot.go.tz/ExchangeRate/excRates,2026-01-31 03:22:42.443684
UGX,0.7028,0.7098,0.7063,2026-01-31,https://www.bot.go.tz/ExchangeRate/excRates,2026-01-31 03:22:42.443684
USD,2505.5248,2530.58,2518.0524,2026-01-31,https://www.bot.go.tz/ExchangeRate/excRates,2026-01-31 03:22:42.443684
GOLD,12655931.69,12782491.0,12719211.34,2026-01-31,https://www.bot.go.tz/ExchangeRate/excRates,2026-01-31 03:22:42.443684
ZAR,156.7089,158.276,157.4925,2026-01-31,https://www.bot.go.tz/ExchangeRate/excRates,2026-01-31 03:22:42.443684
ZMW,128.1598,129.4414,128.8006,2026-01-31,https://www.bot.go.tz/ExchangeRate/excRates,2026-01-31 03:22:42.443684
ZWD,6.5762,6.6419,6.6091,2026-01-31,https://www.bot.go.tz/ExchangeRate/excRates,2026-01-31 03:22:42.443684
AED,682.1467,688.9681,685.5574,2026-02-01,https://www.bot.go.tz/ExchangeRate/excRates,2026-02-01 03:48:58.881913
ATS,160.5982,162.2042,161.4012,2026-02-01,https://www.bot.go.tz/ExchangeRate/excRates,2026-02-01 03:48:58.881913
AUD,1753.3662,1770.8999,1762.1331,2026-02-01,https://www.bot.go.tz/ExchangeRate/excRates,2026-02-01 03:48:58.881913
BIF,0.8422,0.8507,0.8464,2026-02-01,https://www.bot.go.tz/ExchangeRate/excRates,2026-02-01 03:48:58.881913
BWP,201.6947,203.7117,202.7032,2026-02-01,https://www.bot.go.tz/ExchangeRate/excRates,2026-02-01 03:48:58.881913
CAD,1850.0515,1868.552,1859.3018,2026-02-01,https://www.bot.go.tz/ExchangeRate/excRates,2026-02-01 03:48:58.881913
CHF,3257.736,3290.3134,3274.0247,2026-02-01,https://www.bot.go.tz/ExchangeRate/excRates,2026-02-01 03:48:58.881913
CNY,360.4242,364.0284,362.2263,2026-02-01,https://www.bot.go.tz/ExchangeRate/excRates,2026-02-01 03:48:58.881913
CUC,104.3969,105.4408,104.9188,2026-02-01,https://www.bot.go.tz/ExchangeRate/excRates,2026-02-01 03:48:58.881913
DKK,399.7264,403.7236,401.725,2026-02-01,https://www.bot.go.tz/ExchangeRate/excRates,2026-02-01 03:48:58.881913
DZD,19.265,19.4576,19.3613,2026-02-01,https://www.bot.go.tz/ExchangeRate/excRates,2026-02-01 03:48:58.881913
EUR,2985.0822,3014.933,3000.0076,2026-02-01,https://www.bot.go.tz/ExchangeRate/excRates,2026-02-01 03:48:58.881913
GBP,3444.3449,3478.7883,3461.5666,2026-02-01,https://www.bot.go.tz/ExchangeRate/excRates,2026-02-01 03:48:58.881913
HKD,320.9043,324.1134,322.5089,2026-02-01,https://www.bot.go.tz/ExchangeRate/excRates,2026-02-01 03:48:58.881913
INR,27.2532,27.5258,27.3895,2026-02-01,https://www.bot.go.tz/ExchangeRate/excRates,2026-02-01 03:48:58.881913
IQD,1.9119,1.931,1.9214,2026-02-01,https://www.bot.go.tz/ExchangeRate/excRates,2026-02-01 03:48:58.881913
IRR,0.0023,0.0023,0.0023,2026-02-01,https://www.bot.go.tz/ExchangeRate/excRates,2026-02-01 03:48:58.881913
JPY,16.2359,16.3983,16.3171,2026-02-01,https://www.bot.go.tz/ExchangeRate/excRates,2026-02-01 03:48:58.881913
KES,19.4076,19.6017,19.5047,2026-02-01,https://www.bot.go.tz/ExchangeRate/excRates,2026-02-01 03:48:58.881913
KRW,1.7356,1.753,1.7443,2026-02-01,https://www.bot.go.tz/ExchangeRate/excRates,2026-02-01 03:48:58.881913
KWD,8220.2256,8302.4278,8261.3267,2026-02-01,https://www.bot.go.tz/ExchangeRate/excRates,2026-02-01 03:48:58.881913
MWK,1.4315,1.4458,1.4386,2026-02-01,https://www.bot.go.tz/ExchangeRate/excRates,2026-02-01 03:48:58.881913
MYR,635.114,641.4651,638.2896,2026-02-01,https://www.bot.go.tz/ExchangeRate/excRates,2026-02-01 03:48:58.881913
MZM,38.8333,39.2216,39.0275,2026-02-01,https://www.bot.go.tz/ExchangeRate/excRates,2026-02-01 03:48:58.881913
NAD,156.7226,158.2899,157.5062,2026-02-01,https://www.bot.go.tz/ExchangeRate/excRates,2026-02-01 03:48:58.881913
NGN,1.8012,1.8192,1.8102,2026-02-01,https://www.bot.go.tz/ExchangeRate/excRates,2026-02-01 03:48:58.881913
NLG,1002.8116,1012.8397,1007.8256,2026-02-01,https://www.bot.go.tz/ExchangeRate/excRates,2026-02-01 03:48:58.881913
NOK,261.3597,263.9733,262.6665,2026-02-01,https://www.bot.go.tz/ExchangeRate/excRates,2026-02-01 03:48:58.881913
NZD,1518.0974,1533.2784,1525.6879,2026-02-01,https://www.bot.go.tz/ExchangeRate/excRates,2026-02-01 03:48:58.881913
PKR,8.9467,9.0362,8.9914,2026-02-01,https://www.bot.go.tz/ExchangeRate/excRates,2026-02-01 03:48:58.881913
QAR,687.3868,694.2606,690.8237,2026-02-01,https://www.bot.go.tz/ExchangeRate/excRates,2026-02-01 03:48:58.881913
RWF,1.7161,1.7332,1.7246,2026-02-01,https://www.bot.go.tz/ExchangeRate/excRates,2026-02-01 03:48:58.881913
SAR,667.9796,674.6594,671.3195,2026-02-01,https://www.bot.go.tz/ExchangeRate/excRates,2026-02-01 03:48:58.881913
SDR,3463.1808,3497.8126,3480.4967,2026-02-01,https://www.bot.go.tz/ExchangeRate/excRates,2026-02-01 03:48:58.881913
SEK,283.059,285.8896,284.4743,2026-02-01,https://www.bot.go.tz/ExchangeRate/excRates,2026-02-01 03:48:58.881913
SGD,1974.4088,1994.1529,1984.2808,2026-02-01,https://www.bot.go.tz/ExchangeRate/excRates,2026-02-01 03:48:58.881913
TRY,57.5959,58.1718,57.8839,2026-02-01,https://www.bot.go.tz/ExchangeRate/excRates,2026-02-01 03:48:58.881913
UGX,0.7028,0.7098,0.7063,2026-02-01,https://www.bot.go.tz/ExchangeRate/excRates,2026-02-01 03:48:58.881913
USD,2505.5248,2530.58,2518.0524,2026-02-01,https://www.bot.go.tz/ExchangeRate/excRates,2026-02-01 03:48:58.881913
GOLD,12655931.69,12782491.0,12719211.34,2026-02-01,https://www.bot.go.tz/ExchangeRate/excRates,2026-02-01 03:48:58.881913
ZAR,156.7089,158.276,157.4925,2026-02-01,https://www.bot.go.tz/ExchangeRate/excRates,2026-02-01 03:48:58.881913
ZMW,128.1598,129.4414,128.8006,2026-02-01,https://www.bot.go.tz/ExchangeRate/excRates,2026-02-01 03:48:58.881913
ZWD,6.5762,6.6419,6.6091,2026-02-01,https://www.bot.go.tz/ExchangeRate/excRates,2026-02-01 03:48:58.881913
AED,682.1467,688.9681,685.5574,2026-02-02,https://www.bot.go.tz/ExchangeRate/excRates,2026-02-02 03:41:30.532978
ATS,160.5982,162.2042,161.4012,2026-02-02,https://www.bot.go.tz/ExchangeRate/excRates,2026-02-02 03:41:30.532978
AUD,1753.3662,1770.8999,1762.1331,2026-02-02,https://www.bot.go.tz/ExchangeRate/excRates,2026-02-02 03:41:30.532978
BIF,0.8422,0.8507,0.8464,2026-02-02,https://www.bot.go.tz/ExchangeRate/excRates,2026-02-02 03:41:30.532978
BWP,201.6947,203.7117,202.7032,2026-02-02,https://www.bot.go.tz/ExchangeRate/excRates,2026-02-02 03:41:30.532978
CAD,1850.0515,1868.552,1859.3018,2026-02-02,https://www.bot.go.tz/ExchangeRate/excRates,2026-02-02 03:41:30.532978
CHF,3257.736,3290.3134,3274.0247,2026-02-02,https://www.bot.go.tz/ExchangeRate/excRates,2026-02-02 03:41:30.532978
CNY,360.4242,364.0284,362.2263,2026-02-02,https://www.bot.go.tz/ExchangeRate/excRates,2026-02-02 03:41:30.532978
CUC,104.3969,105.4408,104.9188,2026-02-02,https://www.bot.go.tz/ExchangeRate/excRates,2026-02-02 03:41:30.532978
DKK,399.7264,403.7236,401.725,2026-02-02,https://www.bot.go.tz/ExchangeRate/excRates,2026-02-02 03:41:30.532978
DZD,19.265,19.4576,19.3613,2026-02-02,https://www.bot.go.tz/ExchangeRate/excRates,2026-02-02 03:41:30.532978
EUR,2985.0822,3014.933,3000.0076,2026-02-02,https://www.bot.go.tz/ExchangeRate/excRates,2026-02-02 03:41:30.532978
GBP,3444.3449,3478.7883,3461.5666,2026-02-02,https://www.bot.go.tz/ExchangeRate/excRates,2026-02-02 03:41:30.532978
HKD,320.9043,324.1134,322.5089,2026-02-02,https://www.bot.go.tz/ExchangeRate/excRates,2026-02-02 03:41:30.532978
INR,27.2532,27.5258,27.3895,2026-02-02,https://www.bot.go.tz/ExchangeRate/excRates,2026-02-02 03:41:30.532978
IQD,1.9119,1.931,1.9214,2026-02-02,https://www.bot.go.tz/ExchangeRate/excRates,2026-02-02 03:41:30.532978
IRR,0.0023,0.0023,0.0023,2026-02-02,https://www.bot.go.tz/ExchangeRate/excRates,2026-02-02 03:41:30.532978
JPY,16.2359,16.3983,16.3171,2026-02-02,https://www.bot.go.tz/ExchangeRate/excRates,2026-02-02 03:41:30.532978
KES,19.4076,19.6017,19.5047,2026-02-02,https://www.bot.go.tz/ExchangeRate/excRates,2026-02-02 03:41:30.532978
KRW,1.7356,1.753,1.7443,2026-02-02,https://www.bot.go.tz/ExchangeRate/excRates,2026-02-02 03:41:30.532978
KWD,8220.2256,8302.4278,8261.3267,2026-02-02,https://www.bot.go.tz/ExchangeRate/excRates,2026-02-02 03:41:30.532978
MWK,1.4315,1.4458,1.4386,2026-02-02,https://www.bot.go.tz/ExchangeRate/excRates,2026-02-02 03:41:30.532978
MYR,635.114,641.4651,638.2896,2026-02-02,https://www.bot.go.tz/ExchangeRate/excRates,2026-02-02 03:41:30.532978
MZM,38.8333,39.2216,39.0275,2026-02-02,https://www.bot.go.tz/ExchangeRate/excRates,2026-02-02 03:41:30.532978
NAD,156.7226,158.2899,157.5062,2026-02-02,https://www.bot.go.tz/ExchangeRate/excRates,2026-02-02 03:41:30.532978
NGN,1.8012,1.8192,1.8102,2026-02-02,https://www.bot.go.tz/ExchangeRate/excRates,2026-02-02 03:41:30.532978
NLG,1002.8116,1012.8397,1007.8256,2026-02-02,https://www.bot.go.tz/ExchangeRate/excRates,2026-02-02 03:41:30.532978
NOK,261.3597,263.9733,262.6665,2026-02-02,https://www.bot.go.tz/ExchangeRate/excRates,2026-02-02 03:41:30.532978
NZD,1518.0974,1533.2784,1525.6879,2026-02-02,https://www.bot.go.tz/ExchangeRate/excRates,2026-02-02 03:41:30.532978
PKR,8.9467,9.0362,8.9914,2026-02-02,https://www.bot.go.tz/ExchangeRate/excRates,2026-02-02 03:41:30.532978
QAR,687.3868,694.2606,690.8237,2026-02-02,https://www.bot.go.tz/ExchangeRate/excRates,2026-02-02 03:41:30.532978
RWF,1.7161,1.7332,1.7246,2026-02-02,https://www.bot.go.tz/ExchangeRate/excRates,2026-02-02 03:41:30.532978
SAR,667.9796,674.6594,671.3195,2026-02-02,https://www.bot.go.tz/ExchangeRate/excRates,2026-02-02 03:41:30.532978
SDR,3463.1808,3497.8126,3480.4967,2026-02-02,https://www.bot.go.tz/ExchangeRate/excRates,2026-02-02 03:41:30.532978
SEK,283.059,285.8896,284.4743,2026-02-02,https://www.bot.go.tz/ExchangeRate/excRates,2026-02-02 03:41:30.532978
SGD,1974.4088,1994.1529,1984.2808,2026-02-02,https://www.bot.go.tz/ExchangeRate/excRates,2026-02-02 03:41:30.532978
TRY,57.5959,58.1718,57.8839,2026-02-02,https://www.bot.go.tz/ExchangeRate/excRates,2026-02-02 03:41:30.532978
UGX,0.7028,0.7098,0.7063,2026-02-02,https://www.bot.go.tz/ExchangeRate/excRates,2026-02-02 03:41:30.532978
USD,2505.5248,2530.58,2518.0524,2026-02-02,https://www.bot.go.tz/ExchangeRate/excRates,2026-02-02 03:41:30.532978
GOLD,12655931.69,12782491.0,12719211.34,2026-02-02,https://www.bot.go.tz/ExchangeRate/excRates,2026-02-02 03:41:30.532978
ZAR,156.7089,158.276,157.4925,2026-02-02,https://www.bot.go.tz/ExchangeRate/excRates,2026-02-02 03:41:30.532978
ZMW,128.1598,129.4414,128.8006,2026-02-02,https://www.bot.go.tz/ExchangeRate/excRates,2026-02-02 03:41:30.532978
ZWD,6.5762,6.6419,6.6091,2026-02-02,https://www.bot.go.tz/ExchangeRate/excRates,2026-02-02 03:41:30.532978
AED,684.2632,691.1058,687.6845,2026-02-03,https://www.bot.go.tz/ExchangeRate/excRates,2026-02-03 03:34:35.991568
ATS,161.1053,162.7163,161.9108,2026-02-03,https://www.bot.go.tz/ExchangeRate/excRates,2026-02-03 03:34:35.991568
AUD,1745.8324,1763.2907,1754.5616,2026-02-03,https://www.bot.go.tz/ExchangeRate/excRates,2026-02-03 03:34:35.991568
BIF,0.8449,0.8533,0.8491,2026-02-03,https://www.bot.go.tz/ExchangeRate/excRates,2026-02-03 03:34:35.991568
BWP,201.5775,203.5933,202.5854,2026-02-03,https://www.bot.go.tz/ExchangeRate/excRates,2026-02-03 03:34:35.991568
CAD,1840.401,1858.805,1849.603,2026-02-03,https://www.bot.go.tz/ExchangeRate/excRates,2026-02-03 03:34:35.991568
CHF,3228.9769,3261.2667,3245.1218,2026-02-03,https://www.bot.go.tz/ExchangeRate/excRates,2026-02-03 03:34:35.991568
CNY,361.9944,365.6143,363.8044,2026-02-03,https://www.bot.go.tz/ExchangeRate/excRates,2026-02-03 03:34:35.991568
CUC,104.7265,105.7738,105.2501,2026-02-03,https://www.bot.go.tz/ExchangeRate/excRates,2026-02-03 03:34:35.991568
DKK,398.0987,402.0796,400.0891,2026-02-03,https://www.bot.go.tz/ExchangeRate/excRates,2026-02-03 03:34:35.991568
DZD,19.2695,19.4622,19.3658,2026-02-03,https://www.bot.go.tz/ExchangeRate/excRates,2026-02-03 03:34:35.991568
EUR,2973.6457,3003.3822,2988.5139,2026-02-03,https://www.bot.go.tz/ExchangeRate/excRates,2026-02-03 03:34:35.991568
GBP,3435.1125,3469.4636,3452.2881,2026-02-03,https://www.bot.go.tz/ExchangeRate/excRates,2026-02-03 03:34:35.991568
HKD,321.7609,324.9786,323.3698,2026-02-03,https://www.bot.go.tz/ExchangeRate/excRates,2026-02-03 03:34:35.991568
INR,27.4485,27.723,27.5858,2026-02-03,https://www.bot.go.tz/ExchangeRate/excRates,2026-02-03 03:34:35.991568
IQD,1.9179,1.9371,1.9275,2026-02-03,https://www.bot.go.tz/ExchangeRate/excRates,2026-02-03 03:34:35.991568
IRR,0.0023,0.0023,0.0023,2026-02-03,https://www.bot.go.tz/ExchangeRate/excRates,2026-02-03 03:34:35.991568
JPY,16.1927,16.3547,16.2737,2026-02-03,https://www.bot.go.tz/ExchangeRate/excRates,2026-02-03 03:34:35.991568
KES,19.4689,19.6636,19.5662,2026-02-03,https://www.bot.go.tz/ExchangeRate/excRates,2026-02-03 03:34:35.991568
KRW,1.7283,1.7456,1.7369,2026-02-03,https://www.bot.go.tz/ExchangeRate/excRates,2026-02-03 03:34:35.991568
KWD,8231.3268,8313.6401,8272.4835,2026-02-03,https://www.bot.go.tz/ExchangeRate/excRates,2026-02-03 03:34:35.991568
MWK,1.4354,1.4498,1.4426,2026-02-03,https://www.bot.go.tz/ExchangeRate/excRates,2026-02-03 03:34:35.991568
MYR,637.1193,643.4905,640.3049,2026-02-03,https://www.bot.go.tz/ExchangeRate/excRates,2026-02-03 03:34:35.991568
MZM,38.9559,39.3455,39.1507,2026-02-03,https://www.bot.go.tz/ExchangeRate/excRates,2026-02-03 03:34:35.991568
NAD,156.6296,158.1959,157.4128,2026-02-03,https://www.bot.go.tz/ExchangeRate/excRates,2026-02-03 03:34:35.991568
NGN,1.8011,1.8192,1.8101,2026-02-03,https://www.bot.go.tz/ExchangeRate/excRates,2026-02-03 03:34:35.991568
NLG,1005.9778,1016.0376,1011.0077,2026-02-03,https://www.bot.go.tz/ExchangeRate/excRates,2026-02-03 03:34:35.991568
NOK,259.0583,261.6489,260.3536,2026-02-03,https://www.bot.go.tz/ExchangeRate/excRates,2026-02-03 03:34:35.991568
NZD,1509.0668,1524.1574,1516.6121,2026-02-03,https://www.bot.go.tz/ExchangeRate/excRates,2026-02-03 03:34:35.991568
PKR,8.9782,9.0679,9.023,2026-02-03,https://www.bot.go.tz/ExchangeRate/excRates,2026-02-03 03:34:35.991568
QAR,689.5571,696.4527,693.0049,2026-02-03,https://www.bot.go.tz/ExchangeRate/excRates,2026-02-03 03:34:35.991568
RWF,1.7213,1.7385,1.7299,2026-02-03,https://www.bot.go.tz/ExchangeRate/excRates,2026-02-03 03:34:35.991568
SAR,670.1959,676.8978,673.5469,2026-02-03,https://www.bot.go.tz/ExchangeRate/excRates,2026-02-03 03:34:35.991568
SDR,3473.2417,3507.9741,3490.6079,2026-02-03,https://www.bot.go.tz/ExchangeRate/excRates,2026-02-03 03:34:35.991568
SEK,280.508,283.3131,281.9105,2026-02-03,https://www.bot.go.tz/ExchangeRate/excRates,2026-02-03 03:34:35.991568
SGD,1975.5055,1995.2606,1985.383,2026-02-03,https://www.bot.go.tz/ExchangeRate/excRates,2026-02-03 03:34:35.991568
TRY,57.7908,58.3687,58.0797,2026-02-03,https://www.bot.go.tz/ExchangeRate/excRates,2026-02-03 03:34:35.991568
UGX,0.7031,0.7101,0.7066,2026-02-03,https://www.bot.go.tz/ExchangeRate/excRates,2026-02-03 03:34:35.991568
USD,2513.4356,2538.57,2526.0028,2026-02-03,https://www.bot.go.tz/ExchangeRate/excRates,2026-02-03 03:34:35.991568
GOLD,11911008.39,12030118.48,11970563.43,2026-02-03,https://www.bot.go.tz/ExchangeRate/excRates,2026-02-03 03:34:35.991568
ZAR,156.5935,158.1595,157.3765,2026-02-03,https://www.bot.go.tz/ExchangeRate/excRates,2026-02-03 03:34:35.991568
ZMW,128.2365,129.5189,128.8777,2026-02-03,https://www.bot.go.tz/ExchangeRate/excRates,2026-02-03 03:34:35.991568
ZWD,6.5969,6.6629,6.6299,2026-02-03,https://www.bot.go.tz/ExchangeRate/excRates,2026-02-03 03:34:35.991568
AED,686.565,693.4306,689.9978,2026-02-04,https://www.bot.go.tz/ExchangeRate/excRates,2026-02-04 03:31:52.386089
ATS,161.6428,163.2592,162.451,2026-02-04,https://www.bot.go.tz/ExchangeRate/excRates,2026-02-04 03:31:52.386089
AUD,1768.0493,1785.7297,1776.8895,2026-02-04,https://www.bot.go.tz/ExchangeRate/excRates,2026-02-04 03:31:52.386089
BIF,0.8467,0.8551,0.8509,2026-02-04,https://www.bot.go.tz/ExchangeRate/excRates,2026-02-04 03:31:52.386089
BWP,202.2501,204.2726,203.2614,2026-02-04,https://www.bot.go.tz/ExchangeRate/excRates,2026-02-04 03:31:52.386089
CAD,1845.4605,1863.9151,1854.6878,2026-02-04,https://www.bot.go.tz/ExchangeRate/excRates,2026-02-04 03:31:52.386089
CHF,3243.5007,3275.9357,3259.7182,2026-02-04,https://www.bot.go.tz/ExchangeRate/excRates,2026-02-04 03:31:52.386089
CNY,363.4692,367.1039,365.2865,2026-02-04,https://www.bot.go.tz/ExchangeRate/excRates,2026-02-04 03:31:52.386089
CUC,105.0759,106.1267,105.6013,2026-02-04,https://www.bot.go.tz/ExchangeRate/excRates,2026-02-04 03:31:52.386089
DKK,398.3228,402.3061,400.3145,2026-02-04,https://www.bot.go.tz/ExchangeRate/excRates,2026-02-04 03:31:52.386089
DZD,19.3082,19.5013,19.4047,2026-02-04,https://www.bot.go.tz/ExchangeRate/excRates,2026-02-04 03:31:52.386089
EUR,2975.2453,3004.9978,2990.1216,2026-02-04,https://www.bot.go.tz/ExchangeRate/excRates,2026-02-04 03:31:52.386089
GBP,3448.3391,3482.8225,3465.5808,2026-02-04,https://www.bot.go.tz/ExchangeRate/excRates,2026-02-04 03:31:52.386089
HKD,322.7477,325.9752,324.3615,2026-02-04,https://www.bot.go.tz/ExchangeRate/excRates,2026-02-04 03:31:52.386089
INR,27.9488,28.2283,28.0886,2026-02-04,https://www.bot.go.tz/ExchangeRate/excRates,2026-02-04 03:31:52.386089
IQD,1.9243,1.9435,1.9339,2026-02-04,https://www.bot.go.tz/ExchangeRate/excRates,2026-02-04 03:31:52.386089
IRR,0.0022,0.0023,0.0022,2026-02-04,https://www.bot.go.tz/ExchangeRate/excRates,2026-02-04 03:31:52.386089
JPY,16.1717,16.3335,16.2526,2026-02-04,https://www.bot.go.tz/ExchangeRate/excRates,2026-02-04 03:31:52.386089
KES,19.5339,19.7292,19.6315,2026-02-04,https://www.bot.go.tz/ExchangeRate/excRates,2026-02-04 03:31:52.386089
KRW,1.7395,1.7569,1.7482,2026-02-04,https://www.bot.go.tz/ExchangeRate/excRates,2026-02-04 03:31:52.386089
KWD,8254.7358,8337.2831,8296.0095,2026-02-04,https://www.bot.go.tz/ExchangeRate/excRates,2026-02-04 03:31:52.386089
MWK,1.4402,1.4546,1.4474,2026-02-04,https://www.bot.go.tz/ExchangeRate/excRates,2026-02-04 03:31:52.386089
MYR,640.8696,647.2783,644.0739,2026-02-04,https://www.bot.go.tz/ExchangeRate/excRates,2026-02-04 03:31:52.386089
MZM,39.0738,39.4645,39.2691,2026-02-04,https://www.bot.go.tz/ExchangeRate/excRates,2026-02-04 03:31:52.386089
NAD,157.6139,159.19,158.4019,2026-02-04,https://www.bot.go.tz/ExchangeRate/excRates,2026-02-04 03:31:52.386089
NGN,1.814,1.8321,1.8231,2026-02-04,https://www.bot.go.tz/ExchangeRate/excRates,2026-02-04 03:31:52.386089
NLG,1009.3343,1019.4277,1014.381,2026-02-04,https://www.bot.go.tz/ExchangeRate/excRates,2026-02-04 03:31:52.386089
NOK,260.2956,262.8985,261.5971,2026-02-04,https://www.bot.go.tz/ExchangeRate/excRates,2026-02-04 03:31:52.386089
NZD,1522.676,1537.9028,1530.2894,2026-02-04,https://www.bot.go.tz/ExchangeRate/excRates,2026-02-04 03:31:52.386089
PKR,9.0049,9.0949,9.0499,2026-02-04,https://www.bot.go.tz/ExchangeRate/excRates,2026-02-04 03:31:52.386089
QAR,691.7629,698.6806,695.2218,2026-02-04,https://www.bot.go.tz/ExchangeRate/excRates,2026-02-04 03:31:52.386089
RWF,1.7271,1.7444,1.7357,2026-02-04,https://www.bot.go.tz/ExchangeRate/excRates,2026-02-04 03:31:52.386089
SAR,672.4499,679.1744,675.8122,2026-02-04,https://www.bot.go.tz/ExchangeRate/excRates,2026-02-04 03:31:52.386089
SDR,3474.3494,3509.0929,3491.7212,2026-02-04,https://www.bot.go.tz/ExchangeRate/excRates,2026-02-04 03:31:52.386089
SEK,282.042,284.8624,283.4522,2026-02-04,https://www.bot.go.tz/ExchangeRate/excRates,2026-02-04 03:31:52.386089
SGD,1983.968,2003.8077,1993.8879,2026-02-04,https://www.bot.go.tz/ExchangeRate/excRates,2026-02-04 03:31:52.386089
TRY,57.9708,58.5505,58.2606,2026-02-04,https://www.bot.go.tz/ExchangeRate/excRates,2026-02-04 03:31:52.386089
UGX,0.707,0.7141,0.7105,2026-02-04,https://www.bot.go.tz/ExchangeRate/excRates,2026-02-04 03:31:52.386089
USD,2521.8218,2547.04,2534.4309,2026-02-04,https://www.bot.go.tz/ExchangeRate/excRates,2026-02-04 03:31:52.386089
GOLD,12391828.75,12515747.03,12453787.89,2026-02-04,https://www.bot.go.tz/ExchangeRate/excRates,2026-02-04 03:31:52.386089
ZAR,157.6227,159.199,158.4108,2026-02-04,https://www.bot.go.tz/ExchangeRate/excRates,2026-02-04 03:31:52.386089
ZMW,128.0113,129.2914,128.6513,2026-02-04,https://www.bot.go.tz/ExchangeRate/excRates,2026-02-04 03:31:52.386089
ZWD,6.619,6.6851,6.652,2026-02-04,https://www.bot.go.tz/ExchangeRate/excRates,2026-02-04 03:31:52.386089
AED,690.7081,697.6152,694.1617,2026-02-05,https://www.bot.go.tz/ExchangeRate/excRates,2026-02-05 03:33:14.825153
ATS,162.6271,164.2534,163.4403,2026-02-05,https://www.bot.go.tz/ExchangeRate/excRates,2026-02-05 03:33:14.825153
AUD,1783.1289,1800.9601,1792.0445,2026-02-05,https://www.bot.go.tz/ExchangeRate/excRates,2026-02-05 03:33:14.825153
BIF,0.8551,0.8637,0.8594,2026-02-05,https://www.bot.go.tz/ExchangeRate/excRates,2026-02-05 03:33:14.825153
BWP,203.9891,206.029,205.0091,2026-02-05,https://www.bot.go.tz/ExchangeRate/excRates,2026-02-05 03:33:14.825153
CAD,1858.7386,1877.326,1868.0323,2026-02-05,https://www.bot.go.tz/ExchangeRate/excRates,2026-02-05 03:33:14.825153
CHF,3269.1383,3301.8297,3285.484,2026-02-05,https://www.bot.go.tz/ExchangeRate/excRates,2026-02-05 03:33:14.825153
CNY,365.4823,369.1371,367.3097,2026-02-05,https://www.bot.go.tz/ExchangeRate/excRates,2026-02-05 03:33:14.825153
CUC,105.7158,106.7729,106.2443,2026-02-05,https://www.bot.go.tz/ExchangeRate/excRates,2026-02-05 03:33:14.825153
DKK,401.4459,405.4604,403.4531,2026-02-05,https://www.bot.go.tz/ExchangeRate/excRates,2026-02-05 03:33:14.825153
DZD,19.4386,19.6329,19.5357,2026-02-05,https://www.bot.go.tz/ExchangeRate/excRates,2026-02-05 03:33:14.825153
EUR,2997.9298,3027.9091,3012.9194,2026-02-05,https://www.bot.go.tz/ExchangeRate/excRates,2026-02-05 03:33:14.825153
GBP,3479.9936,3514.7936,3497.3936,2026-02-05,https://www.bot.go.tz/ExchangeRate/excRates,2026-02-05 03:33:14.825153
HKD,324.7422,327.9896,326.3659,2026-02-05,https://www.bot.go.tz/ExchangeRate/excRates,2026-02-05 03:33:14.825153
INR,28.0612,28.3418,28.2015,2026-02-05,https://www.bot.go.tz/ExchangeRate/excRates,2026-02-05 03:33:14.825153
IQD,1.936,1.9554,1.9457,2026-02-05,https://www.bot.go.tz/ExchangeRate/excRates,2026-02-05 03:33:14.825153
IRR,0.0022,0.0022,0.0022,2026-02-05,https://www.bot.go.tz/ExchangeRate/excRates,2026-02-05 03:33:14.825153
JPY,16.1913,16.3532,16.2723,2026-02-05,https://www.bot.go.tz/ExchangeRate/excRates,2026-02-05 03:33:14.825153
KES,19.6528,19.8493,19.7511,2026-02-05,https://www.bot.go.tz/ExchangeRate/excRates,2026-02-05 03:33:14.825153
KRW,1.7429,1.7604,1.7516,2026-02-05,https://www.bot.go.tz/ExchangeRate/excRates,2026-02-05 03:33:14.825153
KWD,8305.0023,8388.0524,8346.5274,2026-02-05,https://www.bot.go.tz/ExchangeRate/excRates,2026-02-05 03:33:14.825153
MWK,1.449,1.4635,1.4562,2026-02-05,https://www.bot.go.tz/ExchangeRate/excRates,2026-02-05 03:33:14.825153
MYR,644.7721,651.2198,647.996,2026-02-05,https://www.bot.go.tz/ExchangeRate/excRates,2026-02-05 03:33:14.825153
MZM,39.3239,39.7171,39.5205,2026-02-05,https://www.bot.go.tz/ExchangeRate/excRates,2026-02-05 03:33:14.825153
NAD,159.1605,160.7521,159.9563,2026-02-05,https://www.bot.go.tz/ExchangeRate/excRates,2026-02-05 03:33:14.825153
NGN,1.8508,1.8693,1.86,2026-02-05,https://www.bot.go.tz/ExchangeRate/excRates,2026-02-05 03:33:14.825153
NLG,1015.4806,1025.6354,1020.558,2026-02-05,https://www.bot.go.tz/ExchangeRate/excRates,2026-02-05 03:33:14.825153
NOK,262.8628,265.4914,264.1771,2026-02-05,https://www.bot.go.tz/ExchangeRate/excRates,2026-02-05 03:33:14.825153
NZD,1529.9185,1545.2177,1537.5681,2026-02-05,https://www.bot.go.tz/ExchangeRate/excRates,2026-02-05 03:33:14.825153
PKR,9.063,9.1536,9.1083,2026-02-05,https://www.bot.go.tz/ExchangeRate/excRates,2026-02-05 03:33:14.825153
QAR,695.9754,702.9351,699.4552,2026-02-05,https://www.bot.go.tz/ExchangeRate/excRates,2026-02-05 03:33:14.825153
RWF,1.7325,1.7498,1.7411,2026-02-05,https://www.bot.go.tz/ExchangeRate/excRates,2026-02-05 03:33:14.825153
SAR,676.5448,683.3102,679.9275,2026-02-05,https://www.bot.go.tz/ExchangeRate/excRates,2026-02-05 03:33:14.825153
SDR,3485.9825,3520.8423,3503.4124,2026-02-05,https://www.bot.go.tz/ExchangeRate/excRates,2026-02-05 03:33:14.825153
SEK,283.3,286.133,284.7165,2026-02-05,https://www.bot.go.tz/ExchangeRate/excRates,2026-02-05 03:33:14.825153
SGD,1995.2644,2015.217,2005.2407,2026-02-05,https://www.bot.go.tz/ExchangeRate/excRates,2026-02-05 03:33:14.825153
TRY,58.314,58.8971,58.6056,2026-02-05,https://www.bot.go.tz/ExchangeRate/excRates,2026-02-05 03:33:14.825153
UGX,0.7117,0.7188,0.7152,2026-02-05,https://www.bot.go.tz/ExchangeRate/excRates,2026-02-05 03:33:14.825153
USD,2537.1782,2562.55,2549.8641,2026-02-05,https://www.bot.go.tz/ExchangeRate/excRates,2026-02-05 03:33:14.825153
GOLD,12802525.17,12930550.42,12866537.8,2026-02-05,https://www.bot.go.tz/ExchangeRate/excRates,2026-02-05 03:33:14.825153
ZAR,159.1236,160.7148,159.9192,2026-02-05,https://www.bot.go.tz/ExchangeRate/excRates,2026-02-05 03:33:14.825153
ZMW,130.9849,132.2948,131.6399,2026-02-05,https://www.bot.go.tz/ExchangeRate/excRates,2026-02-05 03:33:14.825153
ZWD,6.6593,6.7259,6.6926,2026-02-05,https://www.bot.go.tz/ExchangeRate/excRates,2026-02-05 03:33:14.825153
AED,690.7081,697.6152,694.1617,2026-02-06,https://www.bot.go.tz/ExchangeRate/excRates,2026-02-06 03:32:11.339235
ATS,162.6271,164.2534,163.4403,2026-02-06,https://www.bot.go.tz/ExchangeRate/excRates,2026-02-06 03:32:11.339235
AUD,1769.6818,1787.3786,1778.5302,2026-02-06,https://www.bot.go.tz/ExchangeRate/excRates,2026-02-06 03:32:11.339235
BIF,0.8527,0.8612,0.8569,2026-02-06,https://www.bot.go.tz/ExchangeRate/excRates,2026-02-06 03:32:11.339235
BWP,202.7205,204.7477,203.7341,2026-02-06,https://www.bot.go.tz/ExchangeRate/excRates,2026-02-06 03:32:11.339235
CAD,1854.9336,1873.483,1864.2083,2026-02-06,https://www.bot.go.tz/ExchangeRate/excRates,2026-02-06 03:32:11.339235
CHF,3269.9809,3302.6808,3286.3309,2026-02-06,https://www.bot.go.tz/ExchangeRate/excRates,2026-02-06 03:32:11.339235
CNY,365.6351,369.2914,367.4632,2026-02-06,https://www.bot.go.tz/ExchangeRate/excRates,2026-02-06 03:32:11.339235
CUC,105.7158,106.7729,106.2443,2026-02-06,https://www.bot.go.tz/ExchangeRate/excRates,2026-02-06 03:32:11.339235
DKK,400.9447,404.9542,402.9494,2026-02-06,https://www.bot.go.tz/ExchangeRate/excRates,2026-02-06 03:32:11.339235
DZD,19.4243,19.6185,19.5214,2026-02-06,https://www.bot.go.tz/ExchangeRate/excRates,2026-02-06 03:32:11.339235
EUR,2994.124,3024.0653,3009.0946,2026-02-06,https://www.bot.go.tz/ExchangeRate/excRates,2026-02-06 03:32:11.339235
GBP,3447.5178,3481.9929,3464.7554,2026-02-06,https://www.bot.go.tz/ExchangeRate/excRates,2026-02-06 03:32:11.339235
HKD,324.7463,327.9938,326.3701,2026-02-06,https://www.bot.go.tz/ExchangeRate/excRates,2026-02-06 03:32:11.339235
INR,28.0916,28.3725,28.2321,2026-02-06,https://www.bot.go.tz/ExchangeRate/excRates,2026-02-06 03:32:11.339235
IQD,1.936,1.9554,1.9457,2026-02-06,https://www.bot.go.tz/ExchangeRate/excRates,2026-02-06 03:32:11.339235
IRR,0.0022,0.0022,0.0022,2026-02-06,https://www.bot.go.tz/ExchangeRate/excRates,2026-02-06 03:32:11.339235
JPY,16.1789,16.3407,16.2598,2026-02-06,https://www.bot.go.tz/ExchangeRate/excRates,2026-02-06 03:32:11.339235
KES,19.6528,19.8493,19.7511,2026-02-06,https://www.bot.go.tz/ExchangeRate/excRates,2026-02-06 03:32:11.339235
KRW,1.7327,1.7501,1.7414,2026-02-06,https://www.bot.go.tz/ExchangeRate/excRates,2026-02-06 03:32:11.339235
KWD,8300.9266,8383.9359,8342.4312,2026-02-06,https://www.bot.go.tz/ExchangeRate/excRates,2026-02-06 03:32:11.339235
MWK,1.449,1.4635,1.4562,2026-02-06,https://www.bot.go.tz/ExchangeRate/excRates,2026-02-06 03:32:11.339235
MYR,642.3236,648.7468,645.5352,2026-02-06,https://www.bot.go.tz/ExchangeRate/excRates,2026-02-06 03:32:11.339235
MZM,39.3239,39.7171,39.5205,2026-02-06,https://www.bot.go.tz/ExchangeRate/excRates,2026-02-06 03:32:11.339235
NAD,157.0989,158.6699,157.8844,2026-02-06,https://www.bot.go.tz/ExchangeRate/excRates,2026-02-06 03:32:11.339235
NGN,1.8552,1.8737,1.8645,2026-02-06,https://www.bot.go.tz/ExchangeRate/excRates,2026-02-06 03:32:11.339235
NLG,1015.4806,1025.6354,1020.558,2026-02-06,https://www.bot.go.tz/ExchangeRate/excRates,2026-02-06 03:32:11.339235
NOK,260.5173,263.1225,261.8199,2026-02-06,https://www.bot.go.tz/ExchangeRate/excRates,2026-02-06 03:32:11.339235
NZD,1521.7995,1537.0175,1529.4085,2026-02-06,https://www.bot.go.tz/ExchangeRate/excRates,2026-02-06 03:32:11.339235
PKR,9.0533,9.1438,9.0985,2026-02-06,https://www.bot.go.tz/ExchangeRate/excRates,2026-02-06 03:32:11.339235
QAR,695.9754,702.9351,699.4552,2026-02-06,https://www.bot.go.tz/ExchangeRate/excRates,2026-02-06 03:32:11.339235
RWF,1.7374,1.7548,1.7461,2026-02-06,https://www.bot.go.tz/ExchangeRate/excRates,2026-02-06 03:32:11.339235
SAR,676.5448,683.3102,679.9275,2026-02-06,https://www.bot.go.tz/ExchangeRate/excRates,2026-02-06 03:32:11.339235
SDR,3487.909,3522.788,3505.3485,2026-02-06,https://www.bot.go.tz/ExchangeRate/excRates,2026-02-06 03:32:11.339235
SEK,281.2026,284.0146,282.6086,2026-02-06,https://www.bot.go.tz/ExchangeRate/excRates,2026-02-06 03:32:11.339235
SGD,1992.444,2012.3685,2002.4062,2026-02-06,https://www.bot.go.tz/ExchangeRate/excRates,2026-02-06 03:32:11.339235
TRY,58.2706,58.8533,58.562,2026-02-06,https://www.bot.go.tz/ExchangeRate/excRates,2026-02-06 03:32:11.339235
UGX,0.7117,0.7188,0.7152,2026-02-06,https://www.bot.go.tz/ExchangeRate/excRates,2026-02-06 03:32:11.339235
USD,2537.1782,2562.55,2549.8641,2026-02-06,https://www.bot.go.tz/ExchangeRate/excRates,2026-02-06 03:32:11.339235
GOLD,12324571.54,12447817.25,12386194.4,2026-02-06,https://www.bot.go.tz/ExchangeRate/excRates,2026-02-06 03:32:11.339235
ZAR,157.0853,158.6561,157.8707,2026-02-06,https://www.bot.go.tz/ExchangeRate/excRates,2026-02-06 03:32:11.339235
ZMW,136.0417,137.4021,136.7219,2026-02-06,https://www.bot.go.tz/ExchangeRate/excRates,2026-02-06 03:32:11.339235
ZWD,6.6593,6.7259,6.6926,2026-02-06,https://www.bot.go.tz/ExchangeRate/excRates,2026-02-06 03:32:11.339235
AED,691.6327,698.549,695.0908,2026-02-07,https://www.bot.go.tz/ExchangeRate/excRates,2026-02-07 03:25:23.674462
ATS,162.8448,164.4732,163.659,2026-02-07,https://www.bot.go.tz/ExchangeRate/excRates,2026-02-07 03:25:23.674462
AUD,1777.8939,1795.6728,1786.7833,2026-02-07,https://www.bot.go.tz/ExchangeRate/excRates,2026-02-07 03:25:23.674462
BIF,0.8538,0.8624,0.8581,2026-02-07,https://www.bot.go.tz/ExchangeRate/excRates,2026-02-07 03:25:23.674462
BWP,203.5,205.535,204.5175,2026-02-07,https://www.bot.go.tz/ExchangeRate/excRates,2026-02-07 03:25:23.674462
CAD,1860.4088,1879.0129,1869.7108,2026-02-07,https://www.bot.go.tz/ExchangeRate/excRates,2026-02-07 03:25:23.674462
CHF,3270.1432,3302.8446,3286.4939,2026-02-07,https://www.bot.go.tz/ExchangeRate/excRates,2026-02-07 03:25:23.674462
CNY,366.1245,369.7857,367.9551,2026-02-07,https://www.bot.go.tz/ExchangeRate/excRates,2026-02-07 03:25:23.674462
CUC,105.8573,106.9158,106.3865,2026-02-07,https://www.bot.go.tz/ExchangeRate/excRates,2026-02-07 03:25:23.674462
DKK,401.9006,405.9196,403.9101,2026-02-07,https://www.bot.go.tz/ExchangeRate/excRates,2026-02-07 03:25:23.674462
DZD,19.5135,19.7087,19.6111,2026-02-07,https://www.bot.go.tz/ExchangeRate/excRates,2026-02-07 03:25:23.674462
EUR,3001.4344,3031.4488,3016.4416,2026-02-07,https://www.bot.go.tz/ExchangeRate/excRates,2026-02-07 03:25:23.674462
GBP,3454.1648,3488.7064,3471.4356,2026-02-07,https://www.bot.go.tz/ExchangeRate/excRates,2026-02-07 03:25:23.674462
HKD,325.1352,328.3866,326.7609,2026-02-07,https://www.bot.go.tz/ExchangeRate/excRates,2026-02-07 03:25:23.674462
INR,28.0534,28.334,28.1937,2026-02-07,https://www.bot.go.tz/ExchangeRate/excRates,2026-02-07 03:25:23.674462
IQD,1.9386,1.958,1.9483,2026-02-07,https://www.bot.go.tz/ExchangeRate/excRates,2026-02-07 03:25:23.674462
IRR,0.0022,0.0022,0.0022,2026-02-07,https://www.bot.go.tz/ExchangeRate/excRates,2026-02-07 03:25:23.674462
JPY,16.1903,16.3522,16.2712,2026-02-07,https://www.bot.go.tz/ExchangeRate/excRates,2026-02-07 03:25:23.674462
KES,19.6791,19.8759,19.7775,2026-02-07,https://www.bot.go.tz/ExchangeRate/excRates,2026-02-07 03:25:23.674462
KRW,1.7348,1.7522,1.7435,2026-02-07,https://www.bot.go.tz/ExchangeRate/excRates,2026-02-07 03:25:23.674462
KWD,8312.0375,8395.1579,8353.5977,2026-02-07,https://www.bot.go.tz/ExchangeRate/excRates,2026-02-07 03:25:23.674462
MWK,1.4515,1.466,1.4587,2026-02-07,https://www.bot.go.tz/ExchangeRate/excRates,2026-02-07 03:25:23.674462
MYR,643.1834,649.6152,646.3993,2026-02-07,https://www.bot.go.tz/ExchangeRate/excRates,2026-02-07 03:25:23.674462
MZM,39.3765,39.7703,39.5734,2026-02-07,https://www.bot.go.tz/ExchangeRate/excRates,2026-02-07 03:25:23.674462
NAD,158.0057,159.5858,158.7958,2026-02-07,https://www.bot.go.tz/ExchangeRate/excRates,2026-02-07 03:25:23.674462
NGN,1.8547,1.8732,1.8639,2026-02-07,https://www.bot.go.tz/ExchangeRate/excRates,2026-02-07 03:25:23.674462
NLG,1016.8398,1027.0082,1021.924,2026-02-07,https://www.bot.go.tz/ExchangeRate/excRates,2026-02-07 03:25:23.674462
NOK,261.5805,264.1963,262.8884,2026-02-07,https://www.bot.go.tz/ExchangeRate/excRates,2026-02-07 03:25:23.674462
NZD,1525.8689,1541.1276,1533.4982,2026-02-07,https://www.bot.go.tz/ExchangeRate/excRates,2026-02-07 03:25:23.674462
PKR,9.0735,9.1642,9.1188,2026-02-07,https://www.bot.go.tz/ExchangeRate/excRates,2026-02-07 03:25:23.674462
QAR,694.146,701.0874,697.6167,2026-02-07,https://www.bot.go.tz/ExchangeRate/excRates,2026-02-07 03:25:23.674462
RWF,1.7397,1.7571,1.7484,2026-02-07,https://www.bot.go.tz/ExchangeRate/excRates,2026-02-07 03:25:23.674462
SAR,677.4142,684.1884,680.8013,2026-02-07,https://www.bot.go.tz/ExchangeRate/excRates,2026-02-07 03:25:23.674462
SDR,3487.2419,3522.1143,3504.6781,2026-02-07,https://www.bot.go.tz/ExchangeRate/excRates,2026-02-07 03:25:23.674462
SEK,281.3482,284.1617,282.7549,2026-02-07,https://www.bot.go.tz/ExchangeRate/excRates,2026-02-07 03:25:23.674462
SGD,1996.9928,2016.9627,2006.9778,2026-02-07,https://www.bot.go.tz/ExchangeRate/excRates,2026-02-07 03:25:23.674462
TRY,58.3638,58.9474,58.6556,2026-02-07,https://www.bot.go.tz/ExchangeRate/excRates,2026-02-07 03:25:23.674462
UGX,0.7126,0.7198,0.7162,2026-02-07,https://www.bot.go.tz/ExchangeRate/excRates,2026-02-07 03:25:23.674462
USD,2540.5743,2565.98,2553.2771,2026-02-07,https://www.bot.go.tz/ExchangeRate/excRates,2026-02-07 03:25:23.674462
GOLD,12518425.6,12643609.85,12581017.72,2026-02-07,https://www.bot.go.tz/ExchangeRate/excRates,2026-02-07 03:25:23.674462
ZAR,158.0126,159.5927,158.8027,2026-02-07,https://www.bot.go.tz/ExchangeRate/excRates,2026-02-07 03:25:23.674462
ZMW,135.4973,136.8523,136.1748,2026-02-07,https://www.bot.go.tz/ExchangeRate/excRates,2026-02-07 03:25:23.674462
ZWD,6.6682,6.7349,6.7015,2026-02-07,https://www.bot.go.tz/ExchangeRate/excRates,2026-02-07 03:25:23.674462
